<?xml version="1.0" encoding="UTF-8"?>
<!DOCTYPE suite SYSTEM "https://testng.org/testng-1.0.dtd">
<suite name="Default suite" guice-stage="DEVELOPMENT">
  <test thread-count="5" name="Default test" verbose="2">
    <classes>
      <class name="Tests.login">
        <methods>
        <include name="login"/>
         <include name="addcheck"/>
        
        </methods>
      </class> <!-- Selenium.maven.Selenium.maven.demo.TestNGDemo -->
    </classes>
  </test> <!-- Default test -->
</suite> <!-- Default suite -->
              